Handelsdato,Valørdato,Instrument,Instrumentets ISIN,Instrumentvaluta,Børsbeskrivelse,Instrumentsymbol,Produkt,Begivenhed,Antal,Kurs,Handelsværdi,Omregningssats,Bogført beløb (USD),Realiseret gevinst/tab (USD),Samlede omkostninger (USD),Fra derivat,Underliggende produkt
2026-08-18 19:40:49,2026-08-19,Nutex Health Inc.,19,19,19,NUTX:xnas,Stock,Købt 7 @ 186.00 ,7,186 ,"1,302.00 ",-,19,-,0,No,19
2026-08-18 19:37:18,2026-08-19,OptimumBank Holdings Inc.,19,19,19,OPHC:xase,Stock,Solgt 130 @ 10.10 ,130,10.10069231 ,"1,313.09 ",-,19,-,0,No,19
2026-08-17 19:11:11,2026-08-18,Ero Copper Corp.,CA2960061091,USD,New York Stock Exchange,ERO:xnys,Stock,Solgt -28 @ 35.05 USD,-28,35.05 USD,981.40 USD,1,980.37,-30.87,-1.03,No,19
2026-08-17 19:38:30,2026-08-18,CPI Card Group Inc.,US12634H2004,USD,NASDAQ,PMTS:xnas,Stock,Købt 45 @ 28.80 USD,45,28.8 USD,"-1,296.00 USD",1,-1297.04,-,-1.04,No,19
2026-08-17 19:23:02,2026-08-18,OptimumBank Holdings Inc.,US68401P4037,USD,NYSE American,OPHC:xase,Stock,Købt 130 @ 10.15 USD,130,10.15 USD,"-1,319.50 USD",1,-1320.56,-,-1.06,No,19
2026-08-17 19:09:07,2026-08-18,Petrobras - Petroleo Brasileiro SA - ADR,US71654V4086,USD,New York Stock Exchange,PBR:xnys,Stock,Solgt -90 @ 18.24 USD,-90,18.24 USD,"1,641.60 USD",1,1640.25,23.46,-1.35,No,19
2026-08-17 19:39:23,2026-08-18,EuroDry Ltd,MHY235081079,USD,NASDAQ (Small cap),EDRY:xnas,Stock,Solgt -36 @ 40.40 USD,-36,40.4 USD,"1,454.40 USD",1,1453.21,128.79,-1.19,No,19
2026-08-17 19:48:57,2026-08-18,Integra Resources Corp.,CA45826T5098,USD,NYSE American,ITRG:xase,Stock,Købt 534 @ 2.76 USD,534,2.759 USD,"-1,473.31 USD",1,-1474.49,-,-1.18,No,19
2026-08-14 19:56:52,2026-08-17,Sociedad Quimica y Minera de Chile SA - ADR,US8336351056,USD,New York Stock Exchange,SQM:xnys,Stock,Solgt -18 @ 74.47 USD,-18,74.47 USD,"1,340.46 USD",1,1339.36,49.53,-1.1,No,19
2026-08-14 19:58:26,2026-08-17,EuroDry Ltd,MHY235081079,USD,NASDAQ (Small cap),EDRY:xnas,Stock,Købt 36 @ 36.76 USD,36,36.76 USD,"-1,323.36 USD",1,-1324.42,-,-1.06,No,19
2026-08-13 19:17:13,2026-08-14,Petrobras - Petroleo Brasileiro SA - ADR,US71654V4086,USD,New York Stock Exchange,PBR:xnys,Stock,Købt 90 @ 17.95 USD,90,17.95 USD,"-1,615.50 USD",1,-1616.79,-,-1.29,No,19
2026-08-13 14:29:22,2026-08-14,Seanergy Maritime Holdings Corp.,MHY737604006,USD,NASDAQ,SHIP:xnas,Stock,Solgt -94 @ 16.50 USD,-94,16.5 USD,"1,551.00 USD",1,1549.72,68.04,-1.28,No,19
2026-08-12 17:03:28,2026-08-13,Iamgold Corporation,CA4509131088,USD,New York Stock Exchange,IAG:xnys,Stock,Købt 79 @ 18.06 USD,79,18.0587 USD,"-1,426.64 USD",1,-1427.78,-,-1.14,No,19
2026-08-12 17:24:03,2026-08-13,Ero Copper Corp.,CA2960061091,USD,New York Stock Exchange,ERO:xnys,Stock,Købt 28 @ 36.08 USD,28,36.08 USD,"-1,010.24 USD",1,-1011.24,-,-1,No,19
2026-08-12 17:15:39,2026-08-13,NCR Voyix Corp.,US62886E1082,USD,New York Stock Exchange,VYX:xnys,Stock,Solgt -130 @ 8.00 USD,-130,8.0011 USD,"1,040.14 USD",1,1039.11,-34.25,-1.03,No,19
2026-08-12 15:42:11,2026-08-13,Ameresco Inc.,US02361E1082,USD,New York Stock Exchange,AMRC:xnys,Stock,Solgt -60 @ 27.25 USD,-60,27.25 USD,"1,635.00 USD",1,1633.65,87.41,-1.35,No,19
2026-08-12 14:32:03,2026-08-13,NEXA Resources SA,LU1701428291,USD,New York Stock Exchange,NEXA:xnys,Stock,Solgt -87 @ 14.70 USD,-87,14.7 USD,"1,278.90 USD",1,1277.85,23.18,-1.05,No,19
2026-08-12 19:23:17,2026-08-13,Sociedad Quimica y Minera de Chile SA - ADR,US8336351056,USD,New York Stock Exchange,SQM:xnys,Stock,Købt 18 @ 71.60 USD,18,71.6 USD,"-1,288.80 USD",1,-1289.83,-,-1.03,No,19
2026-08-12 17:11:41,2026-08-13,Seanergy Maritime Holdings Corp.,MHY737604006,USD,NASDAQ,SHIP:xnas,Stock,Købt 94 @ 15.75 USD,94,15.75 USD,"-1,480.50 USD",1,-1481.68,-,-1.18,No,19
2026-08-12 19:19:20,2026-08-13,Ardmore Shipping Corp.,MHY0207T1001,USD,New York Stock Exchange,ASC:xnys,Stock,Solgt -80 @ 16.65 USD,-80,16.65 USD,"1,332.00 USD",1,1330.9,-6.17,-1.1,No,19
2026-08-11 19:25:27,2026-08-12,AMC Global Media Inc.,US00164V1035,USD,NASDAQ,AMCX:xnas,Stock,Solgt -100 @ 11.77 USD,-100,11.77 USD,"1,177.00 USD",1,1175.97,-7.91,-1.03,No,19
2026-08-11 19:29:22,2026-08-12,NEXA Resources SA,LU1701428291,USD,New York Stock Exchange,NEXA:xnys,Stock,Købt 87 @ 14.41 USD,87,14.41 USD,"-1,253.67 USD",1,-1254.67,-,-1,No,19
2026-08-07 19:43:40,2026-08-10,AAR Corporation,US0003611052,USD,New York Stock Exchange,AIR:xnys,Stock,Solgt -7 @ 143.34 USD,-7,143.34 USD,"1,003.38 USD",1,1002.35,-28.35,-1.03,No,19
2026-08-07 19:49:23,2026-08-10,NCR Voyix Corp.,US62886E1082,USD,New York Stock Exchange,VYX:xnys,Stock,Købt 130 @ 8.25 USD,130,8.2489 USD,"-1,072.36 USD",1,-1073.36,-,-1,No,19
2026-08-07 19:55:01,2026-08-10,Ardmore Shipping Corp.,MHY0207T1001,USD,New York Stock Exchange,ASC:xnys,Stock,Købt 80 @ 16.70 USD,80,16.7 USD,"-1,336.00 USD",1,-1337.07,-,-1.07,No,19
2026-08-07 19:51:09,2026-08-10,AMC Global Media Inc.,US00164V1035,USD,NASDAQ,AMCX:xnas,Stock,Købt 100 @ 11.83 USD,100,11.8288 USD,"-1,182.88 USD",1,-1183.88,-,-1,No,19
2026-08-07 19:59:32,2026-08-10,Ameresco Inc.,US02361E1082,USD,New York Stock Exchange,AMRC:xnys,Stock,Købt 60 @ 25.75 USD,60,25.75 USD,"-1,545.00 USD",1,-1546.24,-,-1.24,No,19
2026-08-07 19:40:00,2026-08-10,Kohl's Corp.,US5002551043,USD,New York Stock Exchange,KSS:xnys,Stock,Solgt -70 @ 19.50 USD,-70,19.5 USD,"1,365.00 USD",1,1363.88,51.03,-1.12,No,19
2026-08-07 13:47:01,2026-08-10,McEwen Inc.,US58039P3055,USD,New York Stock Exchange,MUX:xnys,Stock,Solgt -73 @ 19.45 USD,-73,19.45 USD,"1,419.85 USD",1,1418.68,106.01,-1.17,No,19
2026-08-07 13:39:31,2026-08-10,Aris Mining Corp,CA04040Y1097,USD,New York Stock Exchange,ARIS:xnys,Stock,Solgt -83 @ 17.15 USD,-83,17.15 USD,"1,423.45 USD",1,1422.28,116.59,-1.17,No,19
2026-08-06 19:52:47,2026-08-07,Aris Mining Corp,CA04040Y1097,USD,New York Stock Exchange,ARIS:xnys,Stock,Købt 83 @ 15.72 USD,83,15.7187 USD,"-1,304.65 USD",1,-1305.69,-,-1.04,No,19
2026-08-06 19:42:19,2026-08-07,McEwen Inc.,US58039P3055,USD,New York Stock Exchange,MUX:xnys,Stock,Købt 73 @ 17.97 USD,73,17.9674 USD,"-1,311.62 USD",1,-1312.67,-,-1.05,No,19
2026-08-06 19:48:13,2026-08-07,Kohl's Corp.,US5002551043,USD,New York Stock Exchange,KSS:xnys,Stock,Købt 70 @ 18.74 USD,70,18.74 USD,"-1,311.80 USD",1,-1312.85,-,-1.05,No,19
2026-08-06 19:38:06,2026-08-07,AT&T Inc.,US00206R1023,USD,New York Stock Exchange,T:xnys,Stock,Solgt -54 @ 23.57 USD,-54,23.57 USD,"1,272.78 USD",1,1271.73,11.98,-1.05,No,19
2026-08-06 19:37:33,2026-08-07,Verizon Communications Inc.,US92343V1044,USD,New York Stock Exchange,VZ:xnys,Stock,Solgt -26 @ 46.78 USD,-26,46.7825 USD,"1,216.34 USD",1,1215.31,-2.23,-1.03,No,19
2026-08-06 19:35:03,2026-08-07,IHS Holding Ltd,KYG4701H1092,USD,New York Stock Exchange,IHS:xnys,Stock,Solgt -172 @ 8.22 USD,-172,8.22017442 USD,"1,413.87 USD",1,1412.71,-2.26,-1.16,No,19
2026-08-05 19:53:23,2026-08-06,AAR Corporation,US0003611052,USD,New York Stock Exchange,AIR:xnys,Stock,Købt 7 @ 147.10 USD,7,147.1 USD,"-1,029.70 USD",1,-1030.7,-,-1,No,19
2026-08-05 19:44:59,2026-08-06,Royal Bank of Canada,CA7800871021,USD,New York Stock Exchange,RY:xnys,Stock,Solgt -5 @ 211.50 USD,-5,211.5 USD,"1,057.50 USD",1,1056.47,12.32,-1.03,No,19
2026-08-04 19:58:56,2026-08-05,Royal Bank of Canada,CA7800871021,USD,New York Stock Exchange,RY:xnys,Stock,Købt 5 @ 208.63 USD,5,208.63 USD,"-1,043.15 USD",1,-1044.15,-,-1,No,19
2026-08-04 18:09:28,2026-08-05,Iamgold Corporation,CA4509131088,USD,New York Stock Exchange,IAG:xnys,Stock,Solgt -79 @ 14.97 USD,-79,14.97 USD,"1,182.63 USD",1,1181.6,27.6,-1.03,No,19
2026-08-04 19:49:29,2026-08-05,AT&T Inc.,US00206R1023,USD,New York Stock Exchange,T:xnys,Stock,Købt 54 @ 23.31 USD,54,23.31 USD,"-1,258.74 USD",1,-1259.75,-,-1.01,No,19
2026-08-04 18:07:11,2026-08-05,Alcoa Corp.,US0138721065,USD,New York Stock Exchange,AA:xnys,Stock,Solgt -28 @ 46.80 USD,-28,46.8 USD,"1,310.40 USD",1,1309.32,54.48,-1.08,No,19
2026-08-04 19:47:22,2026-08-05,Verizon Communications Inc.,US92343V1044,USD,New York Stock Exchange,VZ:xnys,Stock,Købt 26 @ 46.79 USD,26,46.79 USD,"-1,216.54 USD",1,-1217.54,-,-1,No,19
2026-08-04 13:30:00,2026-08-05,Dream Finders Homes Inc.,US26154D1000,USD,New York Stock Exchange,DFH:xnys,Stock,Solgt -93 @ 13.19 USD,-93,13.19 USD,"1,226.67 USD",1,1225.64,23.08,-1.03,No,19
2026-08-04 19:59:25,2026-08-05,IHS Holding Ltd,KYG4701H1092,USD,New York Stock Exchange,IHS:xnys,Stock,Købt 172 @ 8.22 USD,172,8.22 USD,"-1,413.84 USD",1,-1414.97,-,-1.13,No,19
2026-08-04 18:05:47,2026-08-05,Century Aluminum Co.,US1564311082,USD,NASDAQ,CENX:xnas,Stock,Solgt -26 @ 47.30 USD,-26,47.3 USD,"1,229.80 USD",1,1228.77,57.77,-1.03,No,19
2026-08-03 19:54:10,2026-08-04,Alcoa Corp.,US0138721065,USD,New York Stock Exchange,AA:xnys,Stock,Købt 28 @ 44.78 USD,28,44.78 USD,"-1,253.84 USD",1,-1254.84,-,-1,No,19
2026-08-03 19:49:50,2026-08-04,Constellium SE,FR0013467479,USD,New York Stock Exchange,CSTM:xnys,Stock,Solgt -44 @ 28.40 USD,-44,28.4 USD,"1,249.60 USD",1,1248.57,33.17,-1.03,No,19
2026-07-31 13:57:53,2026-08-03,Constellium SE,FR0013467479,USD,New York Stock Exchange,CSTM:xnys,Stock,Købt 44 @ 27.60 USD,44,27.6 USD,"-1,214.40 USD",1,-1215.4,-,-1,No,19
2026-07-31 13:59:43,2026-08-03,Dream Finders Homes Inc.,US26154D1000,USD,New York Stock Exchange,DFH:xnys,Stock,Købt 93 @ 12.92 USD,93,12.92 USD,"-1,201.56 USD",1,-1202.56,-,-1,No,19
2026-07-30 19:55:38,2026-07-31,TD SYNNEX Corp.,US87162W1009,USD,New York Stock Exchange,SNX:xnys,Stock,Solgt -5 @ 252.00 USD,-5,252 USD,"1,260.00 USD",1,1258.96,48.96,-1.04,No,19
2026-07-30 19:58:23,2026-07-31,Constellium SE,FR0013467479,USD,New York Stock Exchange,CSTM:xnys,Stock,Solgt -41 @ 28.68 USD,-41,28.68 USD,"1,175.88 USD",1,1174.85,46.35,-1.03,No,19
2026-07-29 19:55:52,2026-07-30,Constellium SE,FR0013467479,USD,New York Stock Exchange,CSTM:xnys,Stock,Købt 41 @ 27.50 USD,41,27.5 USD,"-1,127.50 USD",1,-1128.5,-,-1,No,19
2026-07-29 19:51:50,2026-07-30,NVIDIA Corp.,US67066G1040,USD,NASDAQ,NVDA:xnas,Stock,Solgt -5 @ 191.50 USD,-5,191.5 USD,957.50 USD,1,956.48,-29.27,-1.02,No,19
2026-07-27 14:16:05,2026-07-28,Walmart Inc.,US9311421039,USD,NASDAQ,WMT:xnas,Stock,Solgt -42 @ 111.00 USD,-42,111 USD,"4,662.00 USD",1,4658.17,57.59,-3.83,No,19
2026-07-27 18:24:22,2026-07-28,Iamgold Corporation,CA4509131088,USD,New York Stock Exchange,IAG:xnys,Stock,Købt 79 @ 14.60 USD,79,14.595 USD,"-1,153.00 USD",1,-1154,-,-1,No,19
2026-07-27 20:49:48,2026-07-28,NVIDIA Corp.,US67066G1040,USD,NASDAQ,NVDA:xnas,Stock,Købt 5 @ 196.95 USD,5,196.95 USD,-984.75 USD,1,-985.75,-,-1,No,19
2026-07-27 17:06:45,2026-07-28,TD SYNNEX Corp.,US87162W1009,USD,New York Stock Exchange,SNX:xnys,Stock,Købt 5 @ 241.80 USD,5,241.8 USD,"-1,209.00 USD",1,-1210,-,-1,No,19
2026-07-27 17:01:40,2026-07-28,Hewlett Packard Enterprise Co.,US42824C1099,USD,New York Stock Exchange,HPE:xnys,Stock,Købt 24 @ 46.90 USD,24,46.9 USD,"-1,125.60 USD",1,-1126.6,-,-1,No,19
2026-07-27 19:53:41,2026-07-28,Hewlett Packard Enterprise Co.,US42824C1099,USD,New York Stock Exchange,HPE:xnys,Stock,Solgt -24 @ 48.00 USD,-24,48 USD,"1,152.00 USD",1,1150.97,24.37,-1.03,No,19
2026-07-27 16:39:51,2026-07-28,Century Aluminum Co.,US1564311082,USD,NASDAQ,CENX:xnas,Stock,Købt 26 @ 45.00 USD,26,45 USD,"-1,170.00 USD",1,-1171,-,-1,No,19
2026-07-24 19:40:44,2026-07-27,Americas Gold and Silver Corp.,CA03062D8035,USD,NYSE American,USAS:xase,Stock,Solgt -211 @ 3.96 USD,-211,3.96 USD,835.56 USD,1,834.54,-44.22,-1.02,No,19
2026-07-24 19:54:21,2026-07-27,Walmart Inc.,US9311421039,USD,NASDAQ,WMT:xnas,Stock,Købt 42 @ 109.45 USD,42,109.45 USD,"-4,596.90 USD",1,-4600.58,-,-3.68,No,19
2026-07-24 19:41:41,2026-07-27,Accenture Plc,IE00B4BNMY34,USD,New York Stock Exchange,ACN:xnys,Stock,Solgt -8 @ 147.07 USD,-8,147.07 USD,"1,176.56 USD",1,1175.53,15.17,-1.03,No,19
2026-07-24 19:50:00,2026-07-27,Timberland Bancorp Inc.,US8870981011,USD,NASDAQ,TSBK:xnas,Stock,Solgt -35 @ 43.81 USD,-35,43.81 USD,"1,533.35 USD",1,1532.08,26.93,-1.27,No,19
2026-07-24 14:12:24,2026-07-27,Mercury Systems Inc.,US5893781089,USD,NASDAQ,MRCY:xnas,Stock,Solgt -10 @ 106.75 USD,-10,106.75 USD,"1,067.50 USD",1,1066.47,74.37,-1.03,No,19
2026-07-22 19:45:32,2026-07-23,Timberland Bancorp Inc.,US8870981011,USD,NASDAQ,TSBK:xnas,Stock,Købt 35 @ 42.97 USD,35,42.97 USD,"-1,503.95 USD",1,-1505.15,-,-1.2,No,19
2026-07-22 19:55:56,2026-07-23,Americas Gold and Silver Corp.,CA03062D8035,USD,NYSE American,USAS:xase,Stock,Købt 211 @ 4.16 USD,211,4.16 USD,-877.76 USD,1,-878.76,-,-1,No,19
2026-07-22 19:52:24,2026-07-23,Cognizant Technology Solutions,US1924461023,USD,NASDAQ,CTSH:xnas,Stock,Solgt -19 @ 43.14 USD,-19,43.14 USD,819.66 USD,1,818.64,-29.38,-1.02,No,19
2026-07-22 19:46:01,2026-07-23,Maximus Inc.,US5779331041,USD,New York Stock Exchange,MMS:xnys,Stock,Solgt -18 @ 57.15 USD,-18,57.15 USD,"1,028.70 USD",1,1027.67,-20.21,-1.03,No,19
2026-07-22 19:50:00,2026-07-23,Mercury Systems Inc.,US5893781089,USD,NASDAQ,MRCY:xnas,Stock,Købt 10 @ 99.11 USD,10,99.11 USD,-991.10 USD,1,-992.1,-,-1,No,19
2026-07-21 14:11:16,2026-07-22,Toyota Motor Corp. - ADR,US8923313071,USD,New York Stock Exchange,TM:xnys,Stock,Solgt -8 @ 181.00 USD,-8,181 USD,"1,448.00 USD",1,1446.81,20.95,-1.19,No,19
2026-07-20 13:30:05,2026-07-21,Qualcomm Inc.,US7475251036,USD,NASDAQ,QCOM:xnas,Stock,Solgt -7 @ 176.00 USD,-7,176 USD,"1,232.00 USD",1,1230.97,34.02,-1.03,No,19
2026-07-20 16:40:52,2026-07-21,Accenture Plc,IE00B4BNMY34,USD,New York Stock Exchange,ACN:xnys,Stock,Købt 8 @ 144.92 USD,8,144.92 USD,"-1,159.36 USD",1,-1160.36,-,-1,No,19
2026-07-17 17:28:38,2026-07-20,Toyota Motor Corp. - ADR,US8923313071,USD,New York Stock Exchange,TM:xnys,Stock,Købt 8 @ 178.09 USD,8,178.09 USD,"-1,424.72 USD",1,-1425.86,-,-1.14,No,19
2026-07-17 17:14:08,2026-07-20,SITE Centers Corp.,US82981J8514,USD,New York Stock Exchange,SITC:xnys,Stock,Solgt -300 @ 4.43 USD,-300,4.43 USD,"1,329.00 USD",1,1327.91,119.08,-1.09,No,19
2026-07-17 17:49:12,2026-07-20,Maximus Inc.,US5779331041,USD,New York Stock Exchange,MMS:xnys,Stock,Købt 18 @ 58.16 USD,18,58.16 USD,"-1,046.88 USD",1,-1047.88,-,-1,No,19
2026-07-17 17:47:33,2026-07-20,Citigroup Inc.,US1729674242,USD,New York Stock Exchange,C:xnys,Stock,Solgt -8 @ 130.15 USD,-8,130.15 USD,"1,041.20 USD",1,1040.17,-16.03,-1.03,No,19
2026-07-17 17:31:02,2026-07-20,Cognizant Technology Solutions,US1924461023,USD,NASDAQ,CTSH:xnas,Stock,Købt 19 @ 44.58 USD,19,44.58 USD,-847.02 USD,1,-848.02,-,-1,No,19
2026-07-17 17:12:31,2026-07-20,Array Digital Infrastructure Inc.,US9116841084,USD,New York Stock Exchange,AD:xnys,Stock,Solgt -27 @ 35.00 USD,-27,35 USD,945.00 USD,1,943.98,11.75,-1.02,No,19
2026-07-16 16:59:16,2026-07-17,IBM Corp.,US4592001014,USD,New York Stock Exchange,IBM:xnys,Stock,Solgt -10 @ 217.75 USD,-10,217.75 USD,"2,177.50 USD",1,2175.71,60.04,-1.79,No,19
2026-07-16 19:03:13,2026-07-17,Citigroup Inc.,US1729674242,USD,New York Stock Exchange,C:xnys,Stock,Købt 8 @ 131.90 USD,8,131.9 USD,"-1,055.20 USD",1,-1056.2,-,-1,No,19
2026-07-16 18:54:02,2026-07-17,Qualcomm Inc.,US7475251036,USD,NASDAQ,QCOM:xnas,Stock,Købt 7 @ 170.85 USD,7,170.85 USD,"-1,195.95 USD",1,-1196.95,-,-1,No,19
2026-07-15 19:45:23,2026-07-16,PetMed Express Inc.,US7163821066,USD,NASDAQ,PETS:xnas,Stock,Solgt -484 @ 2.00 USD,-484,2 USD,968.00 USD,1,966.98,27.02,-1.02,No,19
2026-07-15 19:58:09,2026-07-16,IBM Corp.,US4592001014,USD,New York Stock Exchange,IBM:xnys,Stock,Købt 10 @ 211.40 USD,10,211.3982 USD,"-2,113.98 USD",1,-2115.67,-,-1.69,No,19
2026-07-15 18:52:57,2026-07-16,Dawson Geophysical Co.,US2393601008,USD,NASDAQ,DWSN:xnas,Stock,Solgt -271 @ 4.61 USD,-271,4.61 USD,"1,249.31 USD",1,1248.28,27.78,-1.03,No,19
2026-07-14 19:51:27,2026-07-15,Columbia Sportswear Co.,US1985161066,USD,NASDAQ,COLM:xnas,Stock,Solgt -15 @ 62.72 USD,-15,62.72 USD,940.80 USD,1,939.78,-11.77,-1.02,No,19
2026-07-14 19:56:13,2026-07-15,PetMed Express Inc.,US7163821066,USD,NASDAQ,PETS:xnas,Stock,Købt 484 @ 1.94 USD,484,1.94 USD,-938.96 USD,1,-939.96,-,-1,No,19
2026-07-13 18:50:02,2026-07-14,FS Bancorp Inc.,US30263Y1047,USD,NASDAQ (Small cap),FSBW:xnas,Stock,Solgt -28 @ 43.50 USD,-28,43.5 USD,"1,218.00 USD",1,1216.97,4.16,-1.03,No,19
2026-07-13 19:52:40,2026-07-14,Dawson Geophysical Co.,US2393601008,USD,NASDAQ,DWSN:xnas,Stock,Købt 271 @ 4.50 USD,271,4.5 USD,"-1,219.50 USD",1,-1220.5,-,-1,No,19
2026-07-10 13:49:24,2026-07-13,FS Bancorp Inc.,US30263Y1047,USD,NASDAQ (Small cap),FSBW:xnas,Stock,Solgt -1 @ 44.00 USD,-1,44 USD,44.00 USD,1,42.99,-0.32,-1.01,No,19
2026-07-10 19:43:29,2026-07-13,Columbia Sportswear Co.,US1985161066,USD,NASDAQ,COLM:xnas,Stock,Købt 15 @ 63.37 USD,15,63.37 USD,-950.55 USD,1,-951.55,-,-1,No,19
2026-07-10 14:56:43,2026-07-13,Array Digital Infrastructure Inc.,US9116841084,USD,New York Stock Exchange,AD:xnys,Stock,Købt 27 @ 34.49 USD,27,34.49 USD,-931.23 USD,1,-932.23,-,-1,No,19
2026-07-10 13:33:46,2026-07-13,SLB Limited,AN8068571086,USD,New York Stock Exchange,SLB:xnys,Stock,Solgt -19 @ 47.62 USD,-19,47.62 USD,904.78 USD,1,903.76,42.06,-1.02,No,19
2026-07-09 19:41:43,2026-07-10,AZZ Inc.,US0024741045,USD,New York Stock Exchange,AZZ:xnys,Stock,Købt 6 @ 138.00 USD,6,138 USD,-828.00 USD,1,-829,-,-1,No,19
2026-07-09 19:58:36,2026-07-10,AZZ Inc.,US0024741045,USD,New York Stock Exchange,AZZ:xnys,Stock,Solgt -6 @ 141.50 USD,-6,141.5 USD,849.00 USD,1,847.98,18.98,-1.02,No,19
2026-07-09 14:54:14,2026-07-10,Group 1 Automotive Inc.,US3989051095,USD,New York Stock Exchange,GPI:xnys,Stock,Solgt -3 @ 300.00 USD,-3,300 USD,900.00 USD,1,898.98,39.08,-1.02,No,19
2026-07-07 19:24:18,2026-07-08,America's Car-Mart Inc.,US03062T1051,USD,NASDAQ,CRMT:xnas,Stock,Solgt -415 @ 3.06 USD,-415,3.06 USD,"1,269.90 USD",1,1268.85,126.6,-1.05,No,19
2026-07-07 19:40:13,2026-07-08,FS Bancorp Inc.,US30263Y1047,USD,NASDAQ (Small cap),FSBW:xnas,Stock,Købt 29 @ 43.28 USD,29,43.28 USD,"-1,255.12 USD",1,-1256.12,-,-1,No,19
2026-07-01 19:15:43,2026-07-02,SLB Limited,AN8068571086,USD,New York Stock Exchange,SLB:xnys,Stock,Købt 19 @ 45.30 USD,19,45.3 USD,-860.70 USD,1,-861.7,-,-1,No,19
2026-07-01 18:59:58,2026-07-02,Intercontinental Exchange Inc.,US45866F1049,USD,New York Stock Exchange,ICE:xnys,Stock,Solgt -7 @ 127.63 USD,-7,127.6312 USD,893.42 USD,1,892.4,31.66,-1.02,No,19
2026-07-01 19:04:05,2026-07-02,Verra Mobility Corp.,US92511U1025,USD,NASDAQ (Small cap),VRRM:xnas,Stock,Solgt -196 @ 4.25 USD,-196,4.2506 USD,833.12 USD,1,832.1,-154.35,-1.02,No,19
2026-07-01 19:15:02,2026-07-02,Group 1 Automotive Inc.,US3989051095,USD,New York Stock Exchange,GPI:xnys,Stock,Købt 3 @ 286.30 USD,3,286.3 USD,-858.90 USD,1,-859.9,-,-1,No,19
2026-06-30 16:52:56,2026-07-01,America's Car-Mart Inc.,US03062T1051,USD,NASDAQ,CRMT:xnas,Stock,Købt 415 @ 2.75 USD,415,2.75 USD,"-1,141.25 USD",1,-1142.25,-,-1,No,19
2026-06-30 16:33:22,2026-07-01,The Goodyear Tire & Rubber Co.,US3825501014,USD,NASDAQ,GT:xnas,Stock,Solgt -200 @ 6.61 USD,-200,6.61 USD,"1,322.00 USD",1,1320.91,-24.17,-1.09,No,19
2026-06-30 16:37:48,2026-07-01,SITE Centers Corp.,US82981J8514,USD,New York Stock Exchange,SITC:xnys,Stock,Købt 300 @ 4.03 USD,300,4.0261 USD,"-1,207.83 USD",1,-1208.83,-,-1,No,19
2026-06-30 16:35:27,2026-07-01,Intercontinental Exchange Inc.,US45866F1049,USD,New York Stock Exchange,ICE:xnys,Stock,Købt 7 @ 122.82 USD,7,122.82 USD,-859.74 USD,1,-860.74,-,-1,No,19
2026-06-30 16:20:38,2026-07-01,Whirlpool Corp.,US9633201069,USD,New York Stock Exchange,WHR:xnys,Stock,Solgt -30 @ 37.95 USD,-30,37.95 USD,"1,138.50 USD",1,1137.47,-152.96,-1.03,No,19
2026-06-30 16:17:21,2026-07-01,Cognizant Technology Solutions,US1924461023,USD,NASDAQ,CTSH:xnas,Stock,Solgt -20 @ 37.87 USD,-20,37.8713 USD,757.43 USD,1,756.41,-261.74,-1.02,No,19
2026-06-15 17:00:00,2026-06-16,The Goodyear Tire & Rubber Co.,US3825501014,USD,NASDAQ,GT:xnas,Stock,Købt 200 @ 6.72 USD,200,6.72 USD,"-1,344.00 USD",1,-1345.08,-,-1.08,No,19
2026-06-15 17:48:36,2026-06-16,Verra Mobility Corp.,US92511U1025,USD,NASDAQ (Small cap),VRRM:xnas,Stock,Købt 196 @ 5.03 USD,196,5.0278 USD,-985.45 USD,1,-986.45,-,-1,No,19
2026-06-15 17:25:53,2026-06-16,Cognizant Technology Solutions,US1924461023,USD,NASDAQ,CTSH:xnas,Stock,Købt 20 @ 50.86 USD,20,50.8576 USD,"-1,017.15 USD",1,-1018.15,-,-1,No,19
2026-06-15 16:52:39,2026-06-16,Whirlpool Corp.,US9633201069,USD,New York Stock Exchange,WHR:xnys,Stock,Købt 30 @ 42.98 USD,30,42.98 USD,"-1,289.40 USD",1,-1290.43,-,-1.03,No,19
